market,keyword,intent,target_url,editorial_note
BE,website laten maken,websites,https://www.brisk.be/website-op-maat,Synoniemen delen één pagina; natuurlijk verwerken in relevante inhoud.
BE,webdesign,websites,https://www.brisk.be/website-op-maat,Synoniemen delen één pagina; natuurlijk verwerken in relevante inhoud.
BE,website maken,websites,https://www.brisk.be/website-op-maat,Synoniemen delen één pagina; natuurlijk verwerken in relevante inhoud.
BE,website bouwen,websites,https://www.brisk.be/website-op-maat,Synoniemen delen één pagina; natuurlijk verwerken in relevante inhoud.
BE,website laten bouwen,websites,https://www.brisk.be/website-op-maat,Synoniemen delen één pagina; natuurlijk verwerken in relevante inhoud.
BE,webshop laten maken,ecommerce,https://www.brisk.be/webshop-op-maat,Synoniemen delen één pagina; natuurlijk verwerken in relevante inhoud.
BE,webdesign bureau,home,https://www.brisk.be/diensten/webdesign-bureau,Synoniemen delen één pagina; natuurlijk verwerken in relevante inhoud.
BE,professionele website laten maken,websites,https://www.brisk.be/website-op-maat,Synoniemen delen één pagina; natuurlijk verwerken in relevante inhoud.
BE,website laten ontwerpen,websites,https://www.brisk.be/website-op-maat,Synoniemen delen één pagina; natuurlijk verwerken in relevante inhoud.
BE,website op maat,websites,https://www.brisk.be/website-op-maat,Synoniemen delen één pagina; natuurlijk verwerken in relevante inhoud.
BE,webshop maken,ecommerce,https://www.brisk.be/webshop-op-maat,Synoniemen delen één pagina; natuurlijk verwerken in relevante inhoud.
BE,webshop bouwen,ecommerce,https://www.brisk.be/webshop-op-maat,Synoniemen delen één pagina; natuurlijk verwerken in relevante inhoud.
BE,webshop laten bouwen,ecommerce,https://www.brisk.be/webshop-op-maat,Synoniemen delen één pagina; natuurlijk verwerken in relevante inhoud.
BE,webdesign België,websites,https://www.brisk.be/website-op-maat,Synoniemen delen één pagina; natuurlijk verwerken in relevante inhoud.
BE,website laten maken België,websites,https://www.brisk.be/website-op-maat,Synoniemen delen één pagina; natuurlijk verwerken in relevante inhoud.
BE,website maken bedrijf,websites,https://www.brisk.be/website-op-maat,Synoniemen delen één pagina; natuurlijk verwerken in relevante inhoud.
BE,website voor bedrijf,websites,https://www.brisk.be/website-op-maat,Synoniemen delen één pagina; natuurlijk verwerken in relevante inhoud.
BE,website laten maken prijs,pricing,https://www.brisk.be/diensten/website-laten-maken-kosten,Synoniemen delen één pagina; natuurlijk verwerken in relevante inhoud.
BE,website laten maken kosten,pricing,https://www.brisk.be/diensten/website-laten-maken-kosten,Synoniemen delen één pagina; natuurlijk verwerken in relevante inhoud.
BE,webdesign agency,home,https://www.brisk.be/diensten/webdesign-bureau,Synoniemen delen één pagina; natuurlijk verwerken in relevante inhoud.
BE,webdesign bedrijf,websites,https://www.brisk.be/website-op-maat,Synoniemen delen één pagina; natuurlijk verwerken in relevante inhoud.
BE,website ontwerp,websites,https://www.brisk.be/website-op-maat,Synoniemen delen één pagina; natuurlijk verwerken in relevante inhoud.
BE,webdesigner,home,https://www.brisk.be/diensten/webdesign-bureau,Synoniemen delen één pagina; natuurlijk verwerken in relevante inhoud.
BE,webdesigner België,home,https://www.brisk.be/diensten/webdesign-bureau,Synoniemen delen één pagina; natuurlijk verwerken in relevante inhoud.
BE,webbureau,home,https://www.brisk.be/diensten/webdesign-bureau,Synoniemen delen één pagina; natuurlijk verwerken in relevante inhoud.
BE,webbureau België,home,https://www.brisk.be/diensten/webdesign-bureau,Synoniemen delen één pagina; natuurlijk verwerken in relevante inhoud.
BE,maatwerk website,websites,https://www.brisk.be/website-op-maat,Synoniemen delen één pagina; natuurlijk verwerken in relevante inhoud.
BE,maatwerk webdesign,websites,https://www.brisk.be/website-op-maat,Synoniemen delen één pagina; natuurlijk verwerken in relevante inhoud.
BE,zakelijke website laten maken,websites,https://www.brisk.be/website-op-maat,Synoniemen delen één pagina; natuurlijk verwerken in relevante inhoud.
BE,bedrijfswebsite laten maken,websites,https://www.brisk.be/website-op-maat,Synoniemen delen één pagina; natuurlijk verwerken in relevante inhoud.
BE,professionele website,websites,https://www.brisk.be/website-op-maat,Synoniemen delen één pagina; natuurlijk verwerken in relevante inhoud.
BE,website laten maken KMO,websites,https://www.brisk.be/website-op-maat,Synoniemen delen één pagina; natuurlijk verwerken in relevante inhoud.
BE,website maken voor KMO,websites,https://www.brisk.be/website-op-maat,Synoniemen delen één pagina; natuurlijk verwerken in relevante inhoud.
BE,website voor zelfstandige,websites,https://www.brisk.be/website-op-maat,Synoniemen delen één pagina; natuurlijk verwerken in relevante inhoud.
BE,website laten maken zelfstandige,websites,https://www.brisk.be/website-op-maat,Synoniemen delen één pagina; natuurlijk verwerken in relevante inhoud.
BE,betaalbare website laten maken,websites,https://www.brisk.be/website-op-maat,Synoniemen delen één pagina; natuurlijk verwerken in relevante inhoud.
BE,goedkope website laten maken,pricing,https://www.brisk.be/diensten/website-laten-maken-kosten,Synoniemen delen één pagina; natuurlijk verwerken in relevante inhoud.
BE,nieuwe website laten maken,websites,https://www.brisk.be/website-op-maat,Synoniemen delen één pagina; natuurlijk verwerken in relevante inhoud.
BE,website vernieuwen,redesign,https://www.brisk.be/diensten/website-laten-vernieuwen,Synoniemen delen één pagina; natuurlijk verwerken in relevante inhoud.
BE,website redesign,redesign,https://www.brisk.be/diensten/website-laten-vernieuwen,Synoniemen delen één pagina; natuurlijk verwerken in relevante inhoud.
BE,website redesign laten maken,redesign,https://www.brisk.be/diensten/website-laten-vernieuwen,Synoniemen delen één pagina; natuurlijk verwerken in relevante inhoud.
BE,WordPress website laten maken,platforms,https://www.brisk.be/diensten/wordpress-website-laten-maken,Platformkeuze en vergelijking; geen onbevestigde platformdienst claimen.
BE,WordPress website maken,platforms,https://www.brisk.be/diensten/wordpress-website-laten-maken,Platformkeuze en vergelijking; geen onbevestigde platformdienst claimen.
BE,WordPress webdesign,platforms,https://www.brisk.be/diensten/wordpress-website-laten-maken,Platformkeuze en vergelijking; geen onbevestigde platformdienst claimen.
BE,Shopify webshop laten maken,platforms,https://www.brisk.be/diensten/shopify-webshop-laten-maken,Platformkeuze en vergelijking; geen onbevestigde platformdienst claimen.
BE,Shopify website laten maken,platforms,https://www.brisk.be/diensten/shopify-webshop-laten-maken,Platformkeuze en vergelijking; geen onbevestigde platformdienst claimen.
BE,WooCommerce webshop laten maken,platforms,https://www.brisk.be/diensten/woocommerce-webshop-laten-maken,Platformkeuze en vergelijking; geen onbevestigde platformdienst claimen.
BE,ecommerce website laten maken,ecommerce,https://www.brisk.be/webshop-op-maat,Synoniemen delen één pagina; natuurlijk verwerken in relevante inhoud.
BE,e-commerce website laten maken,ecommerce,https://www.brisk.be/webshop-op-maat,Synoniemen delen één pagina; natuurlijk verwerken in relevante inhoud.
BE,ecommerce webshop laten maken,ecommerce,https://www.brisk.be/webshop-op-maat,Synoniemen delen één pagina; natuurlijk verwerken in relevante inhoud.
BE,e-commerce bureau,ecommerce,https://www.brisk.be/webshop-op-maat,Synoniemen delen één pagina; natuurlijk verwerken in relevante inhoud.
BE,ecommerce bureau,ecommerce,https://www.brisk.be/webshop-op-maat,Synoniemen delen één pagina; natuurlijk verwerken in relevante inhoud.
BE,webshop op maat,ecommerce,https://www.brisk.be/webshop-op-maat,Synoniemen delen één pagina; natuurlijk verwerken in relevante inhoud.
BE,maatwerk webshop,ecommerce,https://www.brisk.be/webshop-op-maat,Synoniemen delen één pagina; natuurlijk verwerken in relevante inhoud.
BE,professionele webshop laten maken,ecommerce,https://www.brisk.be/webshop-op-maat,Synoniemen delen één pagina; natuurlijk verwerken in relevante inhoud.
BE,webshop laten maken België,ecommerce,https://www.brisk.be/webshop-op-maat,Synoniemen delen één pagina; natuurlijk verwerken in relevante inhoud.
BE,webshop laten maken prijs,pricing,https://www.brisk.be/diensten/webshop-laten-maken-kosten,Synoniemen delen één pagina; natuurlijk verwerken in relevante inhoud.
BE,webshop laten maken kosten,pricing,https://www.brisk.be/diensten/webshop-laten-maken-kosten,Synoniemen delen één pagina; natuurlijk verwerken in relevante inhoud.
BE,online shop laten maken,ecommerce,https://www.brisk.be/webshop-op-maat,Synoniemen delen één pagina; natuurlijk verwerken in relevante inhoud.
BE,webwinkel laten maken,ecommerce,https://www.brisk.be/webshop-op-maat,Synoniemen delen één pagina; natuurlijk verwerken in relevante inhoud.
BE,website laten maken SEO,websites,https://www.brisk.be/website-op-maat,Synoniemen delen één pagina; natuurlijk verwerken in relevante inhoud.
BE,SEO website laten maken,websites,https://www.brisk.be/website-op-maat,Synoniemen delen één pagina; natuurlijk verwerken in relevante inhoud.
BE,website met SEO laten maken,websites,https://www.brisk.be/website-op-maat,Synoniemen delen één pagina; natuurlijk verwerken in relevante inhoud.
BE,SEO webdesign,websites,https://www.brisk.be/website-op-maat,Synoniemen delen één pagina; natuurlijk verwerken in relevante inhoud.
BE,snelle website laten maken,websites,https://www.brisk.be/website-op-maat,Synoniemen delen één pagina; natuurlijk verwerken in relevante inhoud.
BE,responsive website laten maken,websites,https://www.brisk.be/website-op-maat,Synoniemen delen één pagina; natuurlijk verwerken in relevante inhoud.
BE,mobielvriendelijke website laten maken,websites,https://www.brisk.be/website-op-maat,Synoniemen delen één pagina; natuurlijk verwerken in relevante inhoud.
BE,website laten maken offerte,pricing,https://www.brisk.be/diensten/website-laten-maken-kosten,Synoniemen delen één pagina; natuurlijk verwerken in relevante inhoud.
BE,offerte website laten maken,pricing,https://www.brisk.be/diensten/website-laten-maken-kosten,Synoniemen delen één pagina; natuurlijk verwerken in relevante inhoud.
BE,webdesign offerte,pricing,https://www.brisk.be/diensten/website-laten-maken-kosten,Synoniemen delen één pagina; natuurlijk verwerken in relevante inhoud.
BE,webdesign prijzen,pricing,https://www.brisk.be/diensten/website-laten-maken-kosten,Synoniemen delen één pagina; natuurlijk verwerken in relevante inhoud.
BE,website prijs,pricing,https://www.brisk.be/diensten/website-laten-maken-kosten,Synoniemen delen één pagina; natuurlijk verwerken in relevante inhoud.
BE,kosten website laten maken,pricing,https://www.brisk.be/diensten/website-laten-maken-kosten,Synoniemen delen één pagina; natuurlijk verwerken in relevante inhoud.
BE,wat kost een website laten maken,websites,https://www.brisk.be/website-op-maat,Synoniemen delen één pagina; natuurlijk verwerken in relevante inhoud.
BE,webdesign KMO,websites,https://www.brisk.be/website-op-maat,Synoniemen delen één pagina; natuurlijk verwerken in relevante inhoud.
BE,webdesign voor bedrijven,websites,https://www.brisk.be/website-op-maat,Synoniemen delen één pagina; natuurlijk verwerken in relevante inhoud.
BE,website laten maken Vlaanderen,websites,https://www.brisk.be/website-op-maat,Synoniemen delen één pagina; natuurlijk verwerken in relevante inhoud.
BE,webdesign Vlaanderen,websites,https://www.brisk.be/website-op-maat,Synoniemen delen één pagina; natuurlijk verwerken in relevante inhoud.
BE,website laten maken Antwerpen,region,https://www.brisk.be/regio/antwerpen,Bestaande provinciepagina met lokale context; geen extra stadskopie.
BE,webdesign Antwerpen,region,https://www.brisk.be/regio/antwerpen,Bestaande provinciepagina met lokale context; geen extra stadskopie.
BE,webshop laten maken Antwerpen,region,https://www.brisk.be/regio/antwerpen,Bestaande provinciepagina met lokale context; geen extra stadskopie.
BE,website laten maken Gent,region,https://www.brisk.be/regio/oost-vlaanderen,Bestaande provinciepagina met lokale context; geen extra stadskopie.
BE,webdesign Gent,region,https://www.brisk.be/regio/oost-vlaanderen,Bestaande provinciepagina met lokale context; geen extra stadskopie.
BE,webshop laten maken Gent,region,https://www.brisk.be/regio/oost-vlaanderen,Bestaande provinciepagina met lokale context; geen extra stadskopie.
BE,website laten maken Brussel,region,https://www.brisk.be/regio/brussel,Bestaande provinciepagina met lokale context; geen extra stadskopie.
BE,webdesign Brussel,region,https://www.brisk.be/regio/brussel,Bestaande provinciepagina met lokale context; geen extra stadskopie.
BE,website laten maken Hasselt,region,https://www.brisk.be/regio/limburg,Bestaande provinciepagina met lokale context; geen extra stadskopie.
BE,webdesign Hasselt,region,https://www.brisk.be/regio/limburg,Bestaande provinciepagina met lokale context; geen extra stadskopie.
BE,website laten maken Genk,region,https://www.brisk.be/regio/limburg,Bestaande provinciepagina met lokale context; geen extra stadskopie.
BE,webdesign Genk,region,https://www.brisk.be/regio/limburg,Bestaande provinciepagina met lokale context; geen extra stadskopie.
BE,website laten maken Leuven,region,https://www.brisk.be/regio/vlaams-brabant,Bestaande provinciepagina met lokale context; geen extra stadskopie.
BE,webdesign Leuven,region,https://www.brisk.be/regio/vlaams-brabant,Bestaande provinciepagina met lokale context; geen extra stadskopie.
BE,website laten maken Mechelen,region,https://www.brisk.be/regio/antwerpen,Bestaande provinciepagina met lokale context; geen extra stadskopie.
BE,webdesign Mechelen,region,https://www.brisk.be/regio/antwerpen,Bestaande provinciepagina met lokale context; geen extra stadskopie.
BE,website laten maken Brugge,region,https://www.brisk.be/regio/west-vlaanderen,Bestaande provinciepagina met lokale context; geen extra stadskopie.
BE,webdesign Brugge,region,https://www.brisk.be/regio/west-vlaanderen,Bestaande provinciepagina met lokale context; geen extra stadskopie.
BE,website laten maken Kortrijk,region,https://www.brisk.be/regio/west-vlaanderen,Bestaande provinciepagina met lokale context; geen extra stadskopie.
BE,webdesign Kortrijk,region,https://www.brisk.be/regio/west-vlaanderen,Bestaande provinciepagina met lokale context; geen extra stadskopie.
BE,website laten maken Limburg,region,https://www.brisk.be/regio/limburg,Bestaande provinciepagina met lokale context; geen extra stadskopie.
BE,webdesign Limburg,region,https://www.brisk.be/regio/limburg,Bestaande provinciepagina met lokale context; geen extra stadskopie.
NL,website laten maken,websites,https://www.brisk.be/nl-nl/website-laten-maken,Synoniemen delen één pagina; natuurlijk verwerken in relevante inhoud.
NL,webdesign,websites,https://www.brisk.be/nl-nl/website-laten-maken,Synoniemen delen één pagina; natuurlijk verwerken in relevante inhoud.
NL,website maken,websites,https://www.brisk.be/nl-nl/website-laten-maken,Synoniemen delen één pagina; natuurlijk verwerken in relevante inhoud.
NL,website bouwen,websites,https://www.brisk.be/nl-nl/website-laten-maken,Synoniemen delen één pagina; natuurlijk verwerken in relevante inhoud.
NL,website laten bouwen,websites,https://www.brisk.be/nl-nl/website-laten-maken,Synoniemen delen één pagina; natuurlijk verwerken in relevante inhoud.
NL,webshop laten maken,ecommerce,https://www.brisk.be/nl-nl/webshop-laten-maken,Synoniemen delen één pagina; natuurlijk verwerken in relevante inhoud.
NL,webdesign bureau,home,https://www.brisk.be/nl-nl,Synoniemen delen één pagina; natuurlijk verwerken in relevante inhoud.
NL,professionele website laten maken,websites,https://www.brisk.be/nl-nl/website-laten-maken,Synoniemen delen één pagina; natuurlijk verwerken in relevante inhoud.
NL,website laten ontwerpen,websites,https://www.brisk.be/nl-nl/website-laten-maken,Synoniemen delen één pagina; natuurlijk verwerken in relevante inhoud.
NL,website op maat,websites,https://www.brisk.be/nl-nl/website-laten-maken,Synoniemen delen één pagina; natuurlijk verwerken in relevante inhoud.
NL,webshop maken,ecommerce,https://www.brisk.be/nl-nl/webshop-laten-maken,Synoniemen delen één pagina; natuurlijk verwerken in relevante inhoud.
NL,webshop bouwen,ecommerce,https://www.brisk.be/nl-nl/webshop-laten-maken,Synoniemen delen één pagina; natuurlijk verwerken in relevante inhoud.
NL,webshop laten bouwen,ecommerce,https://www.brisk.be/nl-nl/webshop-laten-maken,Synoniemen delen één pagina; natuurlijk verwerken in relevante inhoud.
NL,webdesign Nederland,websites,https://www.brisk.be/nl-nl/website-laten-maken,Synoniemen delen één pagina; natuurlijk verwerken in relevante inhoud.
NL,website laten maken Nederland,websites,https://www.brisk.be/nl-nl/website-laten-maken,Synoniemen delen één pagina; natuurlijk verwerken in relevante inhoud.
NL,website voor bedrijf,websites,https://www.brisk.be/nl-nl/website-laten-maken,Synoniemen delen één pagina; natuurlijk verwerken in relevante inhoud.
NL,website maken bedrijf,websites,https://www.brisk.be/nl-nl/website-laten-maken,Synoniemen delen één pagina; natuurlijk verwerken in relevante inhoud.
NL,website laten maken prijs,pricing,https://www.brisk.be/nl-nl/website-laten-maken-kosten,Synoniemen delen één pagina; natuurlijk verwerken in relevante inhoud.
NL,website laten maken kosten,pricing,https://www.brisk.be/nl-nl/website-laten-maken-kosten,Synoniemen delen één pagina; natuurlijk verwerken in relevante inhoud.
NL,webdesign agency,home,https://www.brisk.be/nl-nl,Synoniemen delen één pagina; natuurlijk verwerken in relevante inhoud.
NL,webdesign bedrijf,websites,https://www.brisk.be/nl-nl/website-laten-maken,Synoniemen delen één pagina; natuurlijk verwerken in relevante inhoud.
NL,website ontwerp,websites,https://www.brisk.be/nl-nl/website-laten-maken,Synoniemen delen één pagina; natuurlijk verwerken in relevante inhoud.
NL,webdesigner,home,https://www.brisk.be/nl-nl,Synoniemen delen één pagina; natuurlijk verwerken in relevante inhoud.
NL,webdesigner Nederland,home,https://www.brisk.be/nl-nl,Synoniemen delen één pagina; natuurlijk verwerken in relevante inhoud.
NL,webbureau,home,https://www.brisk.be/nl-nl,Synoniemen delen één pagina; natuurlijk verwerken in relevante inhoud.
NL,webbureau Nederland,home,https://www.brisk.be/nl-nl,Synoniemen delen één pagina; natuurlijk verwerken in relevante inhoud.
NL,maatwerk website,websites,https://www.brisk.be/nl-nl/website-laten-maken,Synoniemen delen één pagina; natuurlijk verwerken in relevante inhoud.
NL,maatwerk webdesign,websites,https://www.brisk.be/nl-nl/website-laten-maken,Synoniemen delen één pagina; natuurlijk verwerken in relevante inhoud.
NL,zakelijke website laten maken,websites,https://www.brisk.be/nl-nl/website-laten-maken,Synoniemen delen één pagina; natuurlijk verwerken in relevante inhoud.
NL,bedrijfswebsite laten maken,websites,https://www.brisk.be/nl-nl/website-laten-maken,Synoniemen delen één pagina; natuurlijk verwerken in relevante inhoud.
NL,professionele website,websites,https://www.brisk.be/nl-nl/website-laten-maken,Synoniemen delen één pagina; natuurlijk verwerken in relevante inhoud.
NL,website laten maken MKB,websites,https://www.brisk.be/nl-nl/website-laten-maken,Synoniemen delen één pagina; natuurlijk verwerken in relevante inhoud.
NL,website maken voor MKB,websites,https://www.brisk.be/nl-nl/website-laten-maken,Synoniemen delen één pagina; natuurlijk verwerken in relevante inhoud.
NL,website voor ZZP,websites,https://www.brisk.be/nl-nl/website-laten-maken,Synoniemen delen één pagina; natuurlijk verwerken in relevante inhoud.
NL,website laten maken ZZP,websites,https://www.brisk.be/nl-nl/website-laten-maken,Synoniemen delen één pagina; natuurlijk verwerken in relevante inhoud.
NL,website voor zzper,websites,https://www.brisk.be/nl-nl/website-laten-maken,Synoniemen delen één pagina; natuurlijk verwerken in relevante inhoud.
NL,website laten maken zzper,websites,https://www.brisk.be/nl-nl/website-laten-maken,Synoniemen delen één pagina; natuurlijk verwerken in relevante inhoud.
NL,betaalbare website laten maken,websites,https://www.brisk.be/nl-nl/website-laten-maken,Synoniemen delen één pagina; natuurlijk verwerken in relevante inhoud.
NL,goedkope website laten maken,pricing,https://www.brisk.be/nl-nl/website-laten-maken-kosten,Synoniemen delen één pagina; natuurlijk verwerken in relevante inhoud.
NL,nieuwe website laten maken,websites,https://www.brisk.be/nl-nl/website-laten-maken,Synoniemen delen één pagina; natuurlijk verwerken in relevante inhoud.
NL,website vernieuwen,redesign,https://www.brisk.be/nl-nl/website-redesign,Synoniemen delen één pagina; natuurlijk verwerken in relevante inhoud.
NL,website redesign,redesign,https://www.brisk.be/nl-nl/website-redesign,Synoniemen delen één pagina; natuurlijk verwerken in relevante inhoud.
NL,website redesign laten maken,redesign,https://www.brisk.be/nl-nl/website-redesign,Synoniemen delen één pagina; natuurlijk verwerken in relevante inhoud.
NL,WordPress website laten maken,platforms,https://www.brisk.be/nl-nl/wordpress-shopify-of-maatwerk,Platformkeuze en vergelijking; geen onbevestigde platformdienst claimen.
NL,WordPress website maken,platforms,https://www.brisk.be/nl-nl/wordpress-shopify-of-maatwerk,Platformkeuze en vergelijking; geen onbevestigde platformdienst claimen.
NL,WordPress webdesign,platforms,https://www.brisk.be/nl-nl/wordpress-shopify-of-maatwerk,Platformkeuze en vergelijking; geen onbevestigde platformdienst claimen.
NL,Shopify webshop laten maken,platforms,https://www.brisk.be/nl-nl/wordpress-shopify-of-maatwerk,Platformkeuze en vergelijking; geen onbevestigde platformdienst claimen.
NL,Shopify website laten maken,platforms,https://www.brisk.be/nl-nl/wordpress-shopify-of-maatwerk,Platformkeuze en vergelijking; geen onbevestigde platformdienst claimen.
NL,WooCommerce webshop laten maken,platforms,https://www.brisk.be/nl-nl/wordpress-shopify-of-maatwerk,Platformkeuze en vergelijking; geen onbevestigde platformdienst claimen.
NL,ecommerce website laten maken,ecommerce,https://www.brisk.be/nl-nl/webshop-laten-maken,Synoniemen delen één pagina; natuurlijk verwerken in relevante inhoud.
NL,e-commerce website laten maken,ecommerce,https://www.brisk.be/nl-nl/webshop-laten-maken,Synoniemen delen één pagina; natuurlijk verwerken in relevante inhoud.
NL,ecommerce webshop laten maken,ecommerce,https://www.brisk.be/nl-nl/webshop-laten-maken,Synoniemen delen één pagina; natuurlijk verwerken in relevante inhoud.
NL,e-commerce bureau,ecommerce,https://www.brisk.be/nl-nl/webshop-laten-maken,Synoniemen delen één pagina; natuurlijk verwerken in relevante inhoud.
NL,ecommerce bureau,ecommerce,https://www.brisk.be/nl-nl/webshop-laten-maken,Synoniemen delen één pagina; natuurlijk verwerken in relevante inhoud.
NL,webshop op maat,ecommerce,https://www.brisk.be/nl-nl/webshop-laten-maken,Synoniemen delen één pagina; natuurlijk verwerken in relevante inhoud.
NL,maatwerk webshop,ecommerce,https://www.brisk.be/nl-nl/webshop-laten-maken,Synoniemen delen één pagina; natuurlijk verwerken in relevante inhoud.
NL,professionele webshop laten maken,ecommerce,https://www.brisk.be/nl-nl/webshop-laten-maken,Synoniemen delen één pagina; natuurlijk verwerken in relevante inhoud.
NL,webshop laten maken Nederland,ecommerce,https://www.brisk.be/nl-nl/webshop-laten-maken,Synoniemen delen één pagina; natuurlijk verwerken in relevante inhoud.
NL,webshop laten maken prijs,pricing,https://www.brisk.be/nl-nl/webshop-laten-maken,Kostenintentie voor webshops: behandel scope en prijsfactoren op de e-commercepagina.
NL,webshop laten maken kosten,pricing,https://www.brisk.be/nl-nl/webshop-laten-maken,Kostenintentie voor webshops: behandel scope en prijsfactoren op de e-commercepagina.
NL,online shop laten maken,ecommerce,https://www.brisk.be/nl-nl/webshop-laten-maken,Synoniemen delen één pagina; natuurlijk verwerken in relevante inhoud.
NL,webwinkel laten maken,ecommerce,https://www.brisk.be/nl-nl/webshop-laten-maken,Synoniemen delen één pagina; natuurlijk verwerken in relevante inhoud.
NL,website laten maken SEO,websites,https://www.brisk.be/nl-nl/website-laten-maken,Synoniemen delen één pagina; natuurlijk verwerken in relevante inhoud.
NL,SEO website laten maken,websites,https://www.brisk.be/nl-nl/website-laten-maken,Synoniemen delen één pagina; natuurlijk verwerken in relevante inhoud.
NL,website met SEO laten maken,websites,https://www.brisk.be/nl-nl/website-laten-maken,Synoniemen delen één pagina; natuurlijk verwerken in relevante inhoud.
NL,SEO webdesign,websites,https://www.brisk.be/nl-nl/website-laten-maken,Synoniemen delen één pagina; natuurlijk verwerken in relevante inhoud.
NL,snelle website laten maken,websites,https://www.brisk.be/nl-nl/website-laten-maken,Synoniemen delen één pagina; natuurlijk verwerken in relevante inhoud.
NL,responsive website laten maken,websites,https://www.brisk.be/nl-nl/website-laten-maken,Synoniemen delen één pagina; natuurlijk verwerken in relevante inhoud.
NL,mobielvriendelijke website laten maken,websites,https://www.brisk.be/nl-nl/website-laten-maken,Synoniemen delen één pagina; natuurlijk verwerken in relevante inhoud.
NL,website laten maken offerte,pricing,https://www.brisk.be/nl-nl/website-laten-maken-kosten,Synoniemen delen één pagina; natuurlijk verwerken in relevante inhoud.
NL,offerte website laten maken,pricing,https://www.brisk.be/nl-nl/website-laten-maken-kosten,Synoniemen delen één pagina; natuurlijk verwerken in relevante inhoud.
NL,webdesign offerte,pricing,https://www.brisk.be/nl-nl/website-laten-maken-kosten,Synoniemen delen één pagina; natuurlijk verwerken in relevante inhoud.
NL,webdesign prijzen,pricing,https://www.brisk.be/nl-nl/website-laten-maken-kosten,Synoniemen delen één pagina; natuurlijk verwerken in relevante inhoud.
NL,website prijs,pricing,https://www.brisk.be/nl-nl/website-laten-maken-kosten,Synoniemen delen één pagina; natuurlijk verwerken in relevante inhoud.
NL,kosten website laten maken,pricing,https://www.brisk.be/nl-nl/website-laten-maken-kosten,Synoniemen delen één pagina; natuurlijk verwerken in relevante inhoud.
NL,wat kost een website laten maken,websites,https://www.brisk.be/nl-nl/website-laten-maken,Synoniemen delen één pagina; natuurlijk verwerken in relevante inhoud.
NL,webdesign MKB,websites,https://www.brisk.be/nl-nl/website-laten-maken,Synoniemen delen één pagina; natuurlijk verwerken in relevante inhoud.
NL,webdesign voor bedrijven,websites,https://www.brisk.be/nl-nl/website-laten-maken,Synoniemen delen één pagina; natuurlijk verwerken in relevante inhoud.
NL,website laten maken Amsterdam,region,https://www.brisk.be/regio/noord-holland,Bestaande provinciepagina met lokale context; geen extra stadskopie.
NL,webdesign Amsterdam,region,https://www.brisk.be/regio/noord-holland,Bestaande provinciepagina met lokale context; geen extra stadskopie.
NL,website laten maken Rotterdam,region,https://www.brisk.be/regio/zuid-holland,Bestaande provinciepagina met lokale context; geen extra stadskopie.
NL,webdesign Rotterdam,region,https://www.brisk.be/regio/zuid-holland,Bestaande provinciepagina met lokale context; geen extra stadskopie.
NL,website laten maken Utrecht,region,https://www.brisk.be/regio/utrecht,Bestaande provinciepagina met lokale context; geen extra stadskopie.
NL,webdesign Utrecht,region,https://www.brisk.be/regio/utrecht,Bestaande provinciepagina met lokale context; geen extra stadskopie.
NL,website laten maken Den Haag,region,https://www.brisk.be/regio/zuid-holland,Bestaande provinciepagina met lokale context; geen extra stadskopie.
NL,webdesign Den Haag,region,https://www.brisk.be/regio/zuid-holland,Bestaande provinciepagina met lokale context; geen extra stadskopie.
NL,website laten maken Eindhoven,region,https://www.brisk.be/regio/noord-brabant,Bestaande provinciepagina met lokale context; geen extra stadskopie.
NL,webdesign Eindhoven,region,https://www.brisk.be/regio/noord-brabant,Bestaande provinciepagina met lokale context; geen extra stadskopie.
NL,website laten maken Tilburg,region,https://www.brisk.be/regio/noord-brabant,Bestaande provinciepagina met lokale context; geen extra stadskopie.
NL,webdesign Tilburg,region,https://www.brisk.be/regio/noord-brabant,Bestaande provinciepagina met lokale context; geen extra stadskopie.
NL,website laten maken Groningen,region,https://www.brisk.be/regio/groningen,Bestaande provinciepagina met lokale context; geen extra stadskopie.
NL,webdesign Groningen,region,https://www.brisk.be/regio/groningen,Bestaande provinciepagina met lokale context; geen extra stadskopie.
NL,website laten maken Breda,region,https://www.brisk.be/regio/noord-brabant,Bestaande provinciepagina met lokale context; geen extra stadskopie.
NL,webdesign Breda,region,https://www.brisk.be/regio/noord-brabant,Bestaande provinciepagina met lokale context; geen extra stadskopie.
NL,website laten maken Nijmegen,region,https://www.brisk.be/regio/gelderland,Bestaande provinciepagina met lokale context; geen extra stadskopie.
NL,webdesign Nijmegen,region,https://www.brisk.be/regio/gelderland,Bestaande provinciepagina met lokale context; geen extra stadskopie.
NL,website laten maken Arnhem,region,https://www.brisk.be/regio/gelderland,Bestaande provinciepagina met lokale context; geen extra stadskopie.
NL,webdesign Arnhem,region,https://www.brisk.be/regio/gelderland,Bestaande provinciepagina met lokale context; geen extra stadskopie.
NL,website laten maken Haarlem,region,https://www.brisk.be/regio/noord-holland,Bestaande provinciepagina met lokale context; geen extra stadskopie.
NL,webdesign Haarlem,region,https://www.brisk.be/regio/noord-holland,Bestaande provinciepagina met lokale context; geen extra stadskopie.
FR,création site internet,websites,https://www.brisk.be/fr/creation-site-internet,Synoniemen delen één pagina; natuurlijk verwerken in relevante inhoud.
FR,création site web,websites,https://www.brisk.be/fr/creation-site-internet,Synoniemen delen één pagina; natuurlijk verwerken in relevante inhoud.
FR,agence web,home,https://www.brisk.be/fr,Synoniemen delen één pagina; natuurlijk verwerken in relevante inhoud.
FR,agence création site internet,home,https://www.brisk.be/fr,Synoniemen delen één pagina; natuurlijk verwerken in relevante inhoud.
FR,créer un site internet,websites,https://www.brisk.be/fr/creation-site-internet,Synoniemen delen één pagina; natuurlijk verwerken in relevante inhoud.
FR,création site internet professionnel,websites,https://www.brisk.be/fr/creation-site-internet,Synoniemen delen één pagina; natuurlijk verwerken in relevante inhoud.
FR,site internet sur mesure,websites,https://www.brisk.be/fr/creation-site-internet,Synoniemen delen één pagina; natuurlijk verwerken in relevante inhoud.
FR,création site sur mesure,websites,https://www.brisk.be/fr/creation-site-internet,Synoniemen delen één pagina; natuurlijk verwerken in relevante inhoud.
FR,création site vitrine,websites,https://www.brisk.be/fr/creation-site-internet,Synoniemen delen één pagina; natuurlijk verwerken in relevante inhoud.
FR,site vitrine,websites,https://www.brisk.be/fr/creation-site-internet,Synoniemen delen één pagina; natuurlijk verwerken in relevante inhoud.
FR,création site e-commerce,ecommerce,https://www.brisk.be/fr/creation-site-e-commerce,Synoniemen delen één pagina; natuurlijk verwerken in relevante inhoud.
FR,création site ecommerce,ecommerce,https://www.brisk.be/fr/creation-site-e-commerce,Synoniemen delen één pagina; natuurlijk verwerken in relevante inhoud.
FR,création boutique en ligne,ecommerce,https://www.brisk.be/fr/creation-site-e-commerce,Synoniemen delen één pagina; natuurlijk verwerken in relevante inhoud.
FR,agence e-commerce,ecommerce,https://www.brisk.be/fr/creation-site-e-commerce,Synoniemen delen één pagina; natuurlijk verwerken in relevante inhoud.
FR,agence ecommerce,ecommerce,https://www.brisk.be/fr/creation-site-e-commerce,Synoniemen delen één pagina; natuurlijk verwerken in relevante inhoud.
FR,développement site internet,websites,https://www.brisk.be/fr/creation-site-internet,Synoniemen delen één pagina; natuurlijk verwerken in relevante inhoud.
FR,développement web,websites,https://www.brisk.be/fr/creation-site-internet,Synoniemen delen één pagina; natuurlijk verwerken in relevante inhoud.
FR,agence développement web,home,https://www.brisk.be/fr,Synoniemen delen één pagina; natuurlijk verwerken in relevante inhoud.
FR,conception site internet,websites,https://www.brisk.be/fr/creation-site-internet,Synoniemen delen één pagina; natuurlijk verwerken in relevante inhoud.
FR,conception site web,websites,https://www.brisk.be/fr/creation-site-internet,Synoniemen delen één pagina; natuurlijk verwerken in relevante inhoud.
FR,webdesign,websites,https://www.brisk.be/fr/creation-site-internet,Synoniemen delen één pagina; natuurlijk verwerken in relevante inhoud.
FR,agence webdesign,home,https://www.brisk.be/fr,Synoniemen delen één pagina; natuurlijk verwerken in relevante inhoud.
FR,web designer,home,https://www.brisk.be/fr,Synoniemen delen één pagina; natuurlijk verwerken in relevante inhoud.
FR,webdesigner,home,https://www.brisk.be/fr,Synoniemen delen één pagina; natuurlijk verwerken in relevante inhoud.
FR,agence digitale,home,https://www.brisk.be/fr,Synoniemen delen één pagina; natuurlijk verwerken in relevante inhoud.
FR,agence digitale France,home,https://www.brisk.be/fr,Synoniemen delen één pagina; natuurlijk verwerken in relevante inhoud.
FR,agence web France,home,https://www.brisk.be/fr,Synoniemen delen één pagina; natuurlijk verwerken in relevante inhoud.
FR,création site internet France,websites,https://www.brisk.be/fr/creation-site-internet,Synoniemen delen één pagina; natuurlijk verwerken in relevante inhoud.
FR,création site web France,websites,https://www.brisk.be/fr/creation-site-internet,Synoniemen delen één pagina; natuurlijk verwerken in relevante inhoud.
FR,création site professionnel,websites,https://www.brisk.be/fr/creation-site-internet,Synoniemen delen één pagina; natuurlijk verwerken in relevante inhoud.
FR,création site pour entreprise,websites,https://www.brisk.be/fr/creation-site-internet,Synoniemen delen één pagina; natuurlijk verwerken in relevante inhoud.
FR,site internet entreprise,websites,https://www.brisk.be/fr/creation-site-internet,Synoniemen delen één pagina; natuurlijk verwerken in relevante inhoud.
FR,site web entreprise,websites,https://www.brisk.be/fr/creation-site-internet,Synoniemen delen één pagina; natuurlijk verwerken in relevante inhoud.
FR,création site PME,websites,https://www.brisk.be/fr/creation-site-internet,Synoniemen delen één pagina; natuurlijk verwerken in relevante inhoud.
FR,site internet PME,websites,https://www.brisk.be/fr/creation-site-internet,Synoniemen delen één pagina; natuurlijk verwerken in relevante inhoud.
FR,création site pour artisan,websites,https://www.brisk.be/fr/creation-site-internet,Synoniemen delen één pagina; natuurlijk verwerken in relevante inhoud.
FR,site internet artisan,websites,https://www.brisk.be/fr/creation-site-internet,Synoniemen delen één pagina; natuurlijk verwerken in relevante inhoud.
FR,création site pour indépendant,websites,https://www.brisk.be/fr/creation-site-internet,Synoniemen delen één pagina; natuurlijk verwerken in relevante inhoud.
FR,site internet professionnel,websites,https://www.brisk.be/fr/creation-site-internet,Synoniemen delen één pagina; natuurlijk verwerken in relevante inhoud.
FR,site web professionnel,websites,https://www.brisk.be/fr/creation-site-internet,Synoniemen delen één pagina; natuurlijk verwerken in relevante inhoud.
FR,prix création site internet,pricing,https://www.brisk.be/fr/prix-creation-site-internet,Synoniemen delen één pagina; natuurlijk verwerken in relevante inhoud.
FR,tarif création site internet,pricing,https://www.brisk.be/fr/prix-creation-site-internet,Synoniemen delen één pagina; natuurlijk verwerken in relevante inhoud.
FR,coût création site internet,pricing,https://www.brisk.be/fr/prix-creation-site-internet,Synoniemen delen één pagina; natuurlijk verwerken in relevante inhoud.
FR,combien coûte un site internet,pricing,https://www.brisk.be/fr/prix-creation-site-internet,Synoniemen delen één pagina; natuurlijk verwerken in relevante inhoud.
FR,devis création site internet,pricing,https://www.brisk.be/fr/prix-creation-site-internet,Synoniemen delen één pagina; natuurlijk verwerken in relevante inhoud.
FR,devis site internet,pricing,https://www.brisk.be/fr/prix-creation-site-internet,Synoniemen delen één pagina; natuurlijk verwerken in relevante inhoud.
FR,prix site vitrine,pricing,https://www.brisk.be/fr/prix-creation-site-internet,Synoniemen delen één pagina; natuurlijk verwerken in relevante inhoud.
FR,prix site e-commerce,pricing,https://www.brisk.be/fr/creation-site-e-commerce,Kostenintentie voor webshops: behandel scope en prijsfactoren op de e-commercepagina.
FR,tarif site web,pricing,https://www.brisk.be/fr/prix-creation-site-internet,Synoniemen delen één pagina; natuurlijk verwerken in relevante inhoud.
FR,création site pas cher,pricing,https://www.brisk.be/fr/prix-creation-site-internet,Synoniemen delen één pagina; natuurlijk verwerken in relevante inhoud.
FR,création site internet pas cher,pricing,https://www.brisk.be/fr/prix-creation-site-internet,Synoniemen delen één pagina; natuurlijk verwerken in relevante inhoud.
FR,création site internet WordPress,platforms,https://www.brisk.be/fr/wordpress-shopify-ou-sur-mesure,Platformkeuze en vergelijking; geen onbevestigde platformdienst claimen.
FR,création site WordPress,platforms,https://www.brisk.be/fr/wordpress-shopify-ou-sur-mesure,Platformkeuze en vergelijking; geen onbevestigde platformdienst claimen.
FR,agence WordPress,platforms,https://www.brisk.be/fr/wordpress-shopify-ou-sur-mesure,Platformkeuze en vergelijking; geen onbevestigde platformdienst claimen.
FR,développeur WordPress,platforms,https://www.brisk.be/fr/wordpress-shopify-ou-sur-mesure,Platformkeuze en vergelijking; geen onbevestigde platformdienst claimen.
FR,création site Shopify,platforms,https://www.brisk.be/fr/wordpress-shopify-ou-sur-mesure,Platformkeuze en vergelijking; geen onbevestigde platformdienst claimen.
FR,agence Shopify,platforms,https://www.brisk.be/fr/wordpress-shopify-ou-sur-mesure,Platformkeuze en vergelijking; geen onbevestigde platformdienst claimen.
FR,création boutique Shopify,platforms,https://www.brisk.be/fr/wordpress-shopify-ou-sur-mesure,Platformkeuze en vergelijking; geen onbevestigde platformdienst claimen.
FR,création site WooCommerce,platforms,https://www.brisk.be/fr/wordpress-shopify-ou-sur-mesure,Platformkeuze en vergelijking; geen onbevestigde platformdienst claimen.
FR,agence WooCommerce,platforms,https://www.brisk.be/fr/wordpress-shopify-ou-sur-mesure,Platformkeuze en vergelijking; geen onbevestigde platformdienst claimen.
FR,création site Prestashop,platforms,https://www.brisk.be/fr/wordpress-shopify-ou-sur-mesure,Platformkeuze en vergelijking; geen onbevestigde platformdienst claimen.
FR,agence Prestashop,platforms,https://www.brisk.be/fr/wordpress-shopify-ou-sur-mesure,Platformkeuze en vergelijking; geen onbevestigde platformdienst claimen.
FR,refonte site internet,redesign,https://www.brisk.be/fr/refonte-site-internet,Synoniemen delen één pagina; natuurlijk verwerken in relevante inhoud.
FR,refonte site web,redesign,https://www.brisk.be/fr/refonte-site-internet,Synoniemen delen één pagina; natuurlijk verwerken in relevante inhoud.
FR,agence refonte site internet,redesign,https://www.brisk.be/fr/refonte-site-internet,Synoniemen delen één pagina; natuurlijk verwerken in relevante inhoud.
FR,refonte site e-commerce,redesign,https://www.brisk.be/fr/refonte-site-internet,Synoniemen delen één pagina; natuurlijk verwerken in relevante inhoud.
FR,moderniser site internet,redesign,https://www.brisk.be/fr/refonte-site-internet,Synoniemen delen één pagina; natuurlijk verwerken in relevante inhoud.
FR,optimisation site internet,websites,https://www.brisk.be/fr/creation-site-internet,Synoniemen delen één pagina; natuurlijk verwerken in relevante inhoud.
FR,site internet responsive,websites,https://www.brisk.be/fr/creation-site-internet,Synoniemen delen één pagina; natuurlijk verwerken in relevante inhoud.
FR,création site responsive,websites,https://www.brisk.be/fr/creation-site-internet,Synoniemen delen één pagina; natuurlijk verwerken in relevante inhoud.
FR,site internet mobile,websites,https://www.brisk.be/fr/creation-site-internet,Synoniemen delen één pagina; natuurlijk verwerken in relevante inhoud.
FR,création site SEO,websites,https://www.brisk.be/fr/creation-site-internet,Synoniemen delen één pagina; natuurlijk verwerken in relevante inhoud.
FR,création site internet SEO,websites,https://www.brisk.be/fr/creation-site-internet,Synoniemen delen één pagina; natuurlijk verwerken in relevante inhoud.
FR,agence SEO et web,home,https://www.brisk.be/fr,Synoniemen delen één pagina; natuurlijk verwerken in relevante inhoud.
FR,site internet optimisé SEO,websites,https://www.brisk.be/fr/creation-site-internet,Synoniemen delen één pagina; natuurlijk verwerken in relevante inhoud.
FR,création landing page,websites,https://www.brisk.be/fr/creation-site-internet,Synoniemen delen één pagina; natuurlijk verwerken in relevante inhoud.
FR,création page de vente,websites,https://www.brisk.be/fr/creation-site-internet,Synoniemen delen één pagina; natuurlijk verwerken in relevante inhoud.
FR,développement site sur mesure,websites,https://www.brisk.be/fr/creation-site-internet,Synoniemen delen één pagina; natuurlijk verwerken in relevante inhoud.
FR,agence web sur mesure,home,https://www.brisk.be/fr,Synoniemen delen één pagina; natuurlijk verwerken in relevante inhoud.
FR,création site internet Paris,websites,https://www.brisk.be/fr/creation-site-internet,Landelijke dienstverlening op afstand; geen lokale vestiging of aparte doorway page claimen.
FR,agence web Paris,home,https://www.brisk.be/fr,Landelijke dienstverlening op afstand; geen lokale vestiging of aparte doorway page claimen.
FR,création site internet Lyon,websites,https://www.brisk.be/fr/creation-site-internet,Landelijke dienstverlening op afstand; geen lokale vestiging of aparte doorway page claimen.
FR,agence web Lyon,home,https://www.brisk.be/fr,Landelijke dienstverlening op afstand; geen lokale vestiging of aparte doorway page claimen.
FR,création site internet Marseille,websites,https://www.brisk.be/fr/creation-site-internet,Landelijke dienstverlening op afstand; geen lokale vestiging of aparte doorway page claimen.
FR,agence web Marseille,home,https://www.brisk.be/fr,Landelijke dienstverlening op afstand; geen lokale vestiging of aparte doorway page claimen.
FR,création site internet Toulouse,websites,https://www.brisk.be/fr/creation-site-internet,Landelijke dienstverlening op afstand; geen lokale vestiging of aparte doorway page claimen.
FR,agence web Toulouse,home,https://www.brisk.be/fr,Landelijke dienstverlening op afstand; geen lokale vestiging of aparte doorway page claimen.
FR,création site internet Bordeaux,websites,https://www.brisk.be/fr/creation-site-internet,Landelijke dienstverlening op afstand; geen lokale vestiging of aparte doorway page claimen.
FR,agence web Bordeaux,home,https://www.brisk.be/fr,Landelijke dienstverlening op afstand; geen lokale vestiging of aparte doorway page claimen.
FR,création site internet Lille,websites,https://www.brisk.be/fr/creation-site-internet,Landelijke dienstverlening op afstand; geen lokale vestiging of aparte doorway page claimen.
FR,agence web Lille,home,https://www.brisk.be/fr,Landelijke dienstverlening op afstand; geen lokale vestiging of aparte doorway page claimen.
FR,création site internet Nantes,websites,https://www.brisk.be/fr/creation-site-internet,Landelijke dienstverlening op afstand; geen lokale vestiging of aparte doorway page claimen.
FR,agence web Nantes,home,https://www.brisk.be/fr,Landelijke dienstverlening op afstand; geen lokale vestiging of aparte doorway page claimen.
FR,création site internet Strasbourg,websites,https://www.brisk.be/fr/creation-site-internet,Landelijke dienstverlening op afstand; geen lokale vestiging of aparte doorway page claimen.
FR,agence web Strasbourg,home,https://www.brisk.be/fr,Landelijke dienstverlening op afstand; geen lokale vestiging of aparte doorway page claimen.
FR,création site internet Montpellier,websites,https://www.brisk.be/fr/creation-site-internet,Landelijke dienstverlening op afstand; geen lokale vestiging of aparte doorway page claimen.
FR,agence web Montpellier,home,https://www.brisk.be/fr,Landelijke dienstverlening op afstand; geen lokale vestiging of aparte doorway page claimen.
FR,création site internet Nice,websites,https://www.brisk.be/fr/creation-site-internet,Landelijke dienstverlening op afstand; geen lokale vestiging of aparte doorway page claimen.
FR,agence web Nice,home,https://www.brisk.be/fr,Landelijke dienstverlening op afstand; geen lokale vestiging of aparte doorway page claimen.
FR,création site internet Grenoble,websites,https://www.brisk.be/fr/creation-site-internet,Landelijke dienstverlening op afstand; geen lokale vestiging of aparte doorway page claimen.
DE,Webseite erstellen lassen,websites,https://www.brisk.be/de/website-erstellen-lassen,Synoniemen delen één pagina; natuurlijk verwerken in relevante inhoud.
DE,Website erstellen lassen,websites,https://www.brisk.be/de/website-erstellen-lassen,Synoniemen delen één pagina; natuurlijk verwerken in relevante inhoud.
DE,Webdesign,websites,https://www.brisk.be/de/website-erstellen-lassen,Synoniemen delen één pagina; natuurlijk verwerken in relevante inhoud.
DE,Webdesign Agentur,home,https://www.brisk.be/de,Synoniemen delen één pagina; natuurlijk verwerken in relevante inhoud.
DE,Webagentur,home,https://www.brisk.be/de,Synoniemen delen één pagina; natuurlijk verwerken in relevante inhoud.
DE,Website Agentur,home,https://www.brisk.be/de,Synoniemen delen één pagina; natuurlijk verwerken in relevante inhoud.
DE,Homepage erstellen lassen,websites,https://www.brisk.be/de/website-erstellen-lassen,Synoniemen delen één pagina; natuurlijk verwerken in relevante inhoud.
DE,professionelle Website erstellen lassen,websites,https://www.brisk.be/de/website-erstellen-lassen,Synoniemen delen één pagina; natuurlijk verwerken in relevante inhoud.
DE,Webseite erstellen,websites,https://www.brisk.be/de/website-erstellen-lassen,Synoniemen delen één pagina; natuurlijk verwerken in relevante inhoud.
DE,Website erstellen,websites,https://www.brisk.be/de/website-erstellen-lassen,Synoniemen delen één pagina; natuurlijk verwerken in relevante inhoud.
DE,Webseite erstellen lassen Kosten,pricing,https://www.brisk.be/de/website-erstellen-lassen-kosten,Synoniemen delen één pagina; natuurlijk verwerken in relevante inhoud.
DE,Website erstellen lassen Kosten,pricing,https://www.brisk.be/de/website-erstellen-lassen-kosten,Synoniemen delen één pagina; natuurlijk verwerken in relevante inhoud.
DE,Webseite erstellen lassen Preis,pricing,https://www.brisk.be/de/website-erstellen-lassen-kosten,Synoniemen delen één pagina; natuurlijk verwerken in relevante inhoud.
DE,Website erstellen lassen Preis,pricing,https://www.brisk.be/de/website-erstellen-lassen-kosten,Synoniemen delen één pagina; natuurlijk verwerken in relevante inhoud.
DE,Homepage erstellen lassen Kosten,pricing,https://www.brisk.be/de/website-erstellen-lassen-kosten,Synoniemen delen één pagina; natuurlijk verwerken in relevante inhoud.
DE,Homepage erstellen lassen Preis,pricing,https://www.brisk.be/de/website-erstellen-lassen-kosten,Synoniemen delen één pagina; natuurlijk verwerken in relevante inhoud.
DE,Webdesigner,home,https://www.brisk.be/de,Synoniemen delen één pagina; natuurlijk verwerken in relevante inhoud.
DE,Webdesigner Deutschland,home,https://www.brisk.be/de,Synoniemen delen één pagina; natuurlijk verwerken in relevante inhoud.
DE,Webdesign Deutschland,websites,https://www.brisk.be/de/website-erstellen-lassen,Synoniemen delen één pagina; natuurlijk verwerken in relevante inhoud.
DE,Webagentur Deutschland,home,https://www.brisk.be/de,Synoniemen delen één pagina; natuurlijk verwerken in relevante inhoud.
DE,professionelles Webdesign,websites,https://www.brisk.be/de/website-erstellen-lassen,Synoniemen delen één pagina; natuurlijk verwerken in relevante inhoud.
DE,individuelle Website erstellen lassen,websites,https://www.brisk.be/de/website-erstellen-lassen,Synoniemen delen één pagina; natuurlijk verwerken in relevante inhoud.
DE,maßgeschneiderte Website,websites,https://www.brisk.be/de/website-erstellen-lassen,Synoniemen delen één pagina; natuurlijk verwerken in relevante inhoud.
DE,Webseite nach Maß,websites,https://www.brisk.be/de/website-erstellen-lassen,Synoniemen delen één pagina; natuurlijk verwerken in relevante inhoud.
DE,Website nach Maß,websites,https://www.brisk.be/de/website-erstellen-lassen,Synoniemen delen één pagina; natuurlijk verwerken in relevante inhoud.
DE,Firmenwebsite erstellen lassen,websites,https://www.brisk.be/de/website-erstellen-lassen,Synoniemen delen één pagina; natuurlijk verwerken in relevante inhoud.
DE,Unternehmenswebsite erstellen lassen,websites,https://www.brisk.be/de/website-erstellen-lassen,Synoniemen delen één pagina; natuurlijk verwerken in relevante inhoud.
DE,Website für Unternehmen,websites,https://www.brisk.be/de/website-erstellen-lassen,Synoniemen delen één pagina; natuurlijk verwerken in relevante inhoud.
DE,Webseite für Unternehmen,websites,https://www.brisk.be/de/website-erstellen-lassen,Synoniemen delen één pagina; natuurlijk verwerken in relevante inhoud.
DE,Website für Selbstständige,websites,https://www.brisk.be/de/website-erstellen-lassen,Synoniemen delen één pagina; natuurlijk verwerken in relevante inhoud.
DE,Webseite für Selbstständige,websites,https://www.brisk.be/de/website-erstellen-lassen,Synoniemen delen één pagina; natuurlijk verwerken in relevante inhoud.
DE,Website für KMU,websites,https://www.brisk.be/de/website-erstellen-lassen,Synoniemen delen één pagina; natuurlijk verwerken in relevante inhoud.
DE,Webseite für KMU,websites,https://www.brisk.be/de/website-erstellen-lassen,Synoniemen delen één pagina; natuurlijk verwerken in relevante inhoud.
DE,günstige Website erstellen lassen,pricing,https://www.brisk.be/de/website-erstellen-lassen-kosten,Synoniemen delen één pagina; natuurlijk verwerken in relevante inhoud.
DE,Website günstig erstellen lassen,pricing,https://www.brisk.be/de/website-erstellen-lassen-kosten,Synoniemen delen één pagina; natuurlijk verwerken in relevante inhoud.
DE,Webseite günstig erstellen lassen,pricing,https://www.brisk.be/de/website-erstellen-lassen-kosten,Synoniemen delen één pagina; natuurlijk verwerken in relevante inhoud.
DE,neue Website erstellen lassen,websites,https://www.brisk.be/de/website-erstellen-lassen,Synoniemen delen één pagina; natuurlijk verwerken in relevante inhoud.
DE,Website neu erstellen lassen,websites,https://www.brisk.be/de/website-erstellen-lassen,Synoniemen delen één pagina; natuurlijk verwerken in relevante inhoud.
DE,Website Relaunch,redesign,https://www.brisk.be/de/website-relaunch,Synoniemen delen één pagina; natuurlijk verwerken in relevante inhoud.
DE,Webseite Relaunch,redesign,https://www.brisk.be/de/website-relaunch,Synoniemen delen één pagina; natuurlijk verwerken in relevante inhoud.
DE,Website Redesign,redesign,https://www.brisk.be/de/website-relaunch,Synoniemen delen één pagina; natuurlijk verwerken in relevante inhoud.
DE,Webseite Redesign,redesign,https://www.brisk.be/de/website-relaunch,Synoniemen delen één pagina; natuurlijk verwerken in relevante inhoud.
DE,WordPress Website erstellen lassen,platforms,https://www.brisk.be/de/wordpress-shopify-oder-individuell,Platformkeuze en vergelijking; geen onbevestigde platformdienst claimen.
DE,WordPress Webseite erstellen lassen,platforms,https://www.brisk.be/de/wordpress-shopify-oder-individuell,Platformkeuze en vergelijking; geen onbevestigde platformdienst claimen.
DE,WordPress Agentur,platforms,https://www.brisk.be/de/wordpress-shopify-oder-individuell,Platformkeuze en vergelijking; geen onbevestigde platformdienst claimen.
DE,WordPress Webdesign,platforms,https://www.brisk.be/de/wordpress-shopify-oder-individuell,Platformkeuze en vergelijking; geen onbevestigde platformdienst claimen.
DE,Shopify Shop erstellen lassen,platforms,https://www.brisk.be/de/wordpress-shopify-oder-individuell,Platformkeuze en vergelijking; geen onbevestigde platformdienst claimen.
DE,Shopify Agentur,platforms,https://www.brisk.be/de/wordpress-shopify-oder-individuell,Platformkeuze en vergelijking; geen onbevestigde platformdienst claimen.
DE,Shopify Website erstellen lassen,platforms,https://www.brisk.be/de/wordpress-shopify-oder-individuell,Platformkeuze en vergelijking; geen onbevestigde platformdienst claimen.
DE,WooCommerce Shop erstellen lassen,platforms,https://www.brisk.be/de/wordpress-shopify-oder-individuell,Platformkeuze en vergelijking; geen onbevestigde platformdienst claimen.
DE,WooCommerce Agentur,platforms,https://www.brisk.be/de/wordpress-shopify-oder-individuell,Platformkeuze en vergelijking; geen onbevestigde platformdienst claimen.
DE,Onlineshop erstellen lassen,ecommerce,https://www.brisk.be/de/onlineshop-erstellen-lassen,Synoniemen delen één pagina; natuurlijk verwerken in relevante inhoud.
DE,Online Shop erstellen lassen,ecommerce,https://www.brisk.be/de/onlineshop-erstellen-lassen,Synoniemen delen één pagina; natuurlijk verwerken in relevante inhoud.
DE,Onlineshop erstellen,ecommerce,https://www.brisk.be/de/onlineshop-erstellen-lassen,Synoniemen delen één pagina; natuurlijk verwerken in relevante inhoud.
DE,Online Shop erstellen,ecommerce,https://www.brisk.be/de/onlineshop-erstellen-lassen,Synoniemen delen één pagina; natuurlijk verwerken in relevante inhoud.
DE,E-Commerce Website erstellen lassen,ecommerce,https://www.brisk.be/de/onlineshop-erstellen-lassen,Synoniemen delen één pagina; natuurlijk verwerken in relevante inhoud.
DE,Ecommerce Website erstellen lassen,ecommerce,https://www.brisk.be/de/onlineshop-erstellen-lassen,Synoniemen delen één pagina; natuurlijk verwerken in relevante inhoud.
DE,E-Commerce Agentur,ecommerce,https://www.brisk.be/de/onlineshop-erstellen-lassen,Synoniemen delen één pagina; natuurlijk verwerken in relevante inhoud.
DE,Ecommerce Agentur,ecommerce,https://www.brisk.be/de/onlineshop-erstellen-lassen,Synoniemen delen één pagina; natuurlijk verwerken in relevante inhoud.
DE,Onlineshop Agentur,ecommerce,https://www.brisk.be/de/onlineshop-erstellen-lassen,Synoniemen delen één pagina; natuurlijk verwerken in relevante inhoud.
DE,Webshop erstellen lassen,ecommerce,https://www.brisk.be/de/onlineshop-erstellen-lassen,Synoniemen delen één pagina; natuurlijk verwerken in relevante inhoud.
DE,Webshop Agentur,ecommerce,https://www.brisk.be/de/onlineshop-erstellen-lassen,Synoniemen delen één pagina; natuurlijk verwerken in relevante inhoud.
DE,professionellen Onlineshop erstellen lassen,ecommerce,https://www.brisk.be/de/onlineshop-erstellen-lassen,Synoniemen delen één pagina; natuurlijk verwerken in relevante inhoud.
DE,individuellen Onlineshop erstellen lassen,ecommerce,https://www.brisk.be/de/onlineshop-erstellen-lassen,Synoniemen delen één pagina; natuurlijk verwerken in relevante inhoud.
DE,Onlineshop erstellen lassen Kosten,pricing,https://www.brisk.be/de/onlineshop-erstellen-lassen,Kostenintentie voor webshops: behandel scope en prijsfactoren op de e-commercepagina.
DE,Onlineshop erstellen lassen Preis,pricing,https://www.brisk.be/de/onlineshop-erstellen-lassen,Kostenintentie voor webshops: behandel scope en prijsfactoren op de e-commercepagina.
DE,Webseite mit SEO erstellen lassen,websites,https://www.brisk.be/de/website-erstellen-lassen,Synoniemen delen één pagina; natuurlijk verwerken in relevante inhoud.
DE,SEO Webdesign,websites,https://www.brisk.be/de/website-erstellen-lassen,Synoniemen delen één pagina; natuurlijk verwerken in relevante inhoud.
DE,SEO Website erstellen lassen,websites,https://www.brisk.be/de/website-erstellen-lassen,Synoniemen delen één pagina; natuurlijk verwerken in relevante inhoud.
DE,suchmaschinenoptimierte Website,websites,https://www.brisk.be/de/website-erstellen-lassen,Synoniemen delen één pagina; natuurlijk verwerken in relevante inhoud.
DE,responsive Website erstellen lassen,websites,https://www.brisk.be/de/website-erstellen-lassen,Synoniemen delen één pagina; natuurlijk verwerken in relevante inhoud.
DE,mobile Website erstellen lassen,websites,https://www.brisk.be/de/website-erstellen-lassen,Synoniemen delen één pagina; natuurlijk verwerken in relevante inhoud.
DE,Webentwicklung Agentur,home,https://www.brisk.be/de,Synoniemen delen één pagina; natuurlijk verwerken in relevante inhoud.
DE,Webentwicklung,websites,https://www.brisk.be/de/website-erstellen-lassen,Synoniemen delen één pagina; natuurlijk verwerken in relevante inhoud.
DE,individuelle Webentwicklung,websites,https://www.brisk.be/de/website-erstellen-lassen,Synoniemen delen één pagina; natuurlijk verwerken in relevante inhoud.
DE,Website Entwicklung,websites,https://www.brisk.be/de/website-erstellen-lassen,Synoniemen delen één pagina; natuurlijk verwerken in relevante inhoud.
DE,Homepage Agentur,home,https://www.brisk.be/de,Synoniemen delen één pagina; natuurlijk verwerken in relevante inhoud.
DE,Webdesign für Unternehmen,websites,https://www.brisk.be/de/website-erstellen-lassen,Synoniemen delen één pagina; natuurlijk verwerken in relevante inhoud.
DE,Webdesign für KMU,websites,https://www.brisk.be/de/website-erstellen-lassen,Synoniemen delen één pagina; natuurlijk verwerken in relevante inhoud.
DE,Webseite erstellen lassen Berlin,websites,https://www.brisk.be/de/website-erstellen-lassen,Landelijke dienstverlening op afstand; geen lokale vestiging of aparte doorway page claimen.
DE,Webdesign Berlin,websites,https://www.brisk.be/de/website-erstellen-lassen,Landelijke dienstverlening op afstand; geen lokale vestiging of aparte doorway page claimen.
DE,Webseite erstellen lassen Hamburg,websites,https://www.brisk.be/de/website-erstellen-lassen,Landelijke dienstverlening op afstand; geen lokale vestiging of aparte doorway page claimen.
DE,Webdesign Hamburg,websites,https://www.brisk.be/de/website-erstellen-lassen,Landelijke dienstverlening op afstand; geen lokale vestiging of aparte doorway page claimen.
DE,Webseite erstellen lassen München,websites,https://www.brisk.be/de/website-erstellen-lassen,Landelijke dienstverlening op afstand; geen lokale vestiging of aparte doorway page claimen.
DE,Webdesign München,websites,https://www.brisk.be/de/website-erstellen-lassen,Landelijke dienstverlening op afstand; geen lokale vestiging of aparte doorway page claimen.
DE,Webseite erstellen lassen Köln,websites,https://www.brisk.be/de/website-erstellen-lassen,Landelijke dienstverlening op afstand; geen lokale vestiging of aparte doorway page claimen.
DE,Webdesign Köln,websites,https://www.brisk.be/de/website-erstellen-lassen,Landelijke dienstverlening op afstand; geen lokale vestiging of aparte doorway page claimen.
DE,Webseite erstellen lassen Frankfurt,websites,https://www.brisk.be/de/website-erstellen-lassen,Landelijke dienstverlening op afstand; geen lokale vestiging of aparte doorway page claimen.
DE,Webdesign Frankfurt,websites,https://www.brisk.be/de/website-erstellen-lassen,Landelijke dienstverlening op afstand; geen lokale vestiging of aparte doorway page claimen.
DE,Webseite erstellen lassen Düsseldorf,websites,https://www.brisk.be/de/website-erstellen-lassen,Landelijke dienstverlening op afstand; geen lokale vestiging of aparte doorway page claimen.
DE,Webdesign Düsseldorf,websites,https://www.brisk.be/de/website-erstellen-lassen,Landelijke dienstverlening op afstand; geen lokale vestiging of aparte doorway page claimen.
DE,Webseite erstellen lassen Stuttgart,websites,https://www.brisk.be/de/website-erstellen-lassen,Landelijke dienstverlening op afstand; geen lokale vestiging of aparte doorway page claimen.
DE,Webdesign Stuttgart,websites,https://www.brisk.be/de/website-erstellen-lassen,Landelijke dienstverlening op afstand; geen lokale vestiging of aparte doorway page claimen.
DE,Webseite erstellen lassen Leipzig,websites,https://www.brisk.be/de/website-erstellen-lassen,Landelijke dienstverlening op afstand; geen lokale vestiging of aparte doorway page claimen.
DE,Webdesign Leipzig,websites,https://www.brisk.be/de/website-erstellen-lassen,Landelijke dienstverlening op afstand; geen lokale vestiging of aparte doorway page claimen.
DE,Webseite erstellen lassen Dortmund,websites,https://www.brisk.be/de/website-erstellen-lassen,Landelijke dienstverlening op afstand; geen lokale vestiging of aparte doorway page claimen.
DE,Webdesign Dortmund,websites,https://www.brisk.be/de/website-erstellen-lassen,Landelijke dienstverlening op afstand; geen lokale vestiging of aparte doorway page claimen.
DE,Webseite erstellen lassen Essen,websites,https://www.brisk.be/de/website-erstellen-lassen,Landelijke dienstverlening op afstand; geen lokale vestiging of aparte doorway page claimen.
DE,Webdesign Essen,websites,https://www.brisk.be/de/website-erstellen-lassen,Landelijke dienstverlening op afstand; geen lokale vestiging of aparte doorway page claimen.
DE,Webseite erstellen lassen Nürnberg,websites,https://www.brisk.be/de/website-erstellen-lassen,Landelijke dienstverlening op afstand; geen lokale vestiging of aparte doorway page claimen.
US,web design,websites,https://www.brisk.be/en-us/custom-website-design,Synoniemen delen één pagina; natuurlijk verwerken in relevante inhoud.
US,website design,websites,https://www.brisk.be/en-us/custom-website-design,Synoniemen delen één pagina; natuurlijk verwerken in relevante inhoud.
US,web design company,home,https://www.brisk.be/en-us,Synoniemen delen één pagina; natuurlijk verwerken in relevante inhoud.
US,website design company,home,https://www.brisk.be/en-us,Synoniemen delen één pagina; natuurlijk verwerken in relevante inhoud.
US,web design agency,home,https://www.brisk.be/en-us,Synoniemen delen één pagina; natuurlijk verwerken in relevante inhoud.
US,website design agency,home,https://www.brisk.be/en-us,Synoniemen delen één pagina; natuurlijk verwerken in relevante inhoud.
US,web development,websites,https://www.brisk.be/en-us/custom-website-design,Synoniemen delen één pagina; natuurlijk verwerken in relevante inhoud.
US,web development company,home,https://www.brisk.be/en-us,Synoniemen delen één pagina; natuurlijk verwerken in relevante inhoud.
US,website development company,home,https://www.brisk.be/en-us,Synoniemen delen één pagina; natuurlijk verwerken in relevante inhoud.
US,web development agency,home,https://www.brisk.be/en-us,Synoniemen delen één pagina; natuurlijk verwerken in relevante inhoud.
US,website designer,websites,https://www.brisk.be/en-us/custom-website-design,Synoniemen delen één pagina; natuurlijk verwerken in relevante inhoud.
US,web designer,home,https://www.brisk.be/en-us,Synoniemen delen één pagina; natuurlijk verwerken in relevante inhoud.
US,professional website design,websites,https://www.brisk.be/en-us/custom-website-design,Synoniemen delen één pagina; natuurlijk verwerken in relevante inhoud.
US,professional web design,websites,https://www.brisk.be/en-us/custom-website-design,Synoniemen delen één pagina; natuurlijk verwerken in relevante inhoud.
US,custom website design,websites,https://www.brisk.be/en-us/custom-website-design,Synoniemen delen één pagina; natuurlijk verwerken in relevante inhoud.
US,custom web design,websites,https://www.brisk.be/en-us/custom-website-design,Synoniemen delen één pagina; natuurlijk verwerken in relevante inhoud.
US,custom website development,websites,https://www.brisk.be/en-us/custom-website-design,Synoniemen delen één pagina; natuurlijk verwerken in relevante inhoud.
US,website development services,websites,https://www.brisk.be/en-us/custom-website-design,Synoniemen delen één pagina; natuurlijk verwerken in relevante inhoud.
US,web design services,websites,https://www.brisk.be/en-us/custom-website-design,Synoniemen delen één pagina; natuurlijk verwerken in relevante inhoud.
US,website design services,websites,https://www.brisk.be/en-us/custom-website-design,Synoniemen delen één pagina; natuurlijk verwerken in relevante inhoud.
US,business website design,websites,https://www.brisk.be/en-us/custom-website-design,Synoniemen delen één pagina; natuurlijk verwerken in relevante inhoud.
US,small business web design,websites,https://www.brisk.be/en-us/custom-website-design,Synoniemen delen één pagina; natuurlijk verwerken in relevante inhoud.
US,small business website design,websites,https://www.brisk.be/en-us/custom-website-design,Synoniemen delen één pagina; natuurlijk verwerken in relevante inhoud.
US,website design for small business,websites,https://www.brisk.be/en-us/custom-website-design,Synoniemen delen één pagina; natuurlijk verwerken in relevante inhoud.
US,website development for small business,websites,https://www.brisk.be/en-us/custom-website-design,Synoniemen delen één pagina; natuurlijk verwerken in relevante inhoud.
US,corporate website design,websites,https://www.brisk.be/en-us/custom-website-design,Synoniemen delen één pagina; natuurlijk verwerken in relevante inhoud.
US,corporate web design,websites,https://www.brisk.be/en-us/custom-website-design,Synoniemen delen één pagina; natuurlijk verwerken in relevante inhoud.
US,business website development,websites,https://www.brisk.be/en-us/custom-website-design,Synoniemen delen één pagina; natuurlijk verwerken in relevante inhoud.
US,website design for companies,websites,https://www.brisk.be/en-us/custom-website-design,Synoniemen delen één pagina; natuurlijk verwerken in relevante inhoud.
US,web design for businesses,websites,https://www.brisk.be/en-us/custom-website-design,Synoniemen delen één pagina; natuurlijk verwerken in relevante inhoud.
US,affordable web design,pricing,https://www.brisk.be/en-us/website-design-pricing,Synoniemen delen één pagina; natuurlijk verwerken in relevante inhoud.
US,affordable website design,pricing,https://www.brisk.be/en-us/website-design-pricing,Synoniemen delen één pagina; natuurlijk verwerken in relevante inhoud.
US,cheap website design,pricing,https://www.brisk.be/en-us/website-design-pricing,Synoniemen delen één pagina; natuurlijk verwerken in relevante inhoud.
US,website design cost,pricing,https://www.brisk.be/en-us/website-design-pricing,Synoniemen delen één pagina; natuurlijk verwerken in relevante inhoud.
US,web design cost,pricing,https://www.brisk.be/en-us/website-design-pricing,Synoniemen delen één pagina; natuurlijk verwerken in relevante inhoud.
US,website development cost,pricing,https://www.brisk.be/en-us/website-design-pricing,Synoniemen delen één pagina; natuurlijk verwerken in relevante inhoud.
US,how much does a website cost,pricing,https://www.brisk.be/en-us/website-design-pricing,Synoniemen delen één pagina; natuurlijk verwerken in relevante inhoud.
US,website design pricing,pricing,https://www.brisk.be/en-us/website-design-pricing,Synoniemen delen één pagina; natuurlijk verwerken in relevante inhoud.
US,web design pricing,pricing,https://www.brisk.be/en-us/website-design-pricing,Synoniemen delen één pagina; natuurlijk verwerken in relevante inhoud.
US,website design quote,pricing,https://www.brisk.be/en-us/website-design-pricing,Synoniemen delen één pagina; natuurlijk verwerken in relevante inhoud.
US,web design quote,pricing,https://www.brisk.be/en-us/website-design-pricing,Synoniemen delen één pagina; natuurlijk verwerken in relevante inhoud.
US,website development quote,pricing,https://www.brisk.be/en-us/website-design-pricing,Synoniemen delen één pagina; natuurlijk verwerken in relevante inhoud.
US,hire a web designer,home,https://www.brisk.be/en-us,Synoniemen delen één pagina; natuurlijk verwerken in relevante inhoud.
US,hire a website designer,websites,https://www.brisk.be/en-us/custom-website-design,Synoniemen delen één pagina; natuurlijk verwerken in relevante inhoud.
US,hire a web developer,websites,https://www.brisk.be/en-us/custom-website-design,Synoniemen delen één pagina; natuurlijk verwerken in relevante inhoud.
US,website builder service,websites,https://www.brisk.be/en-us/custom-website-design,Synoniemen delen één pagina; natuurlijk verwerken in relevante inhoud.
US,website redesign,redesign,https://www.brisk.be/en-us/website-redesign-services,Synoniemen delen één pagina; natuurlijk verwerken in relevante inhoud.
US,website redesign services,redesign,https://www.brisk.be/en-us/website-redesign-services,Synoniemen delen één pagina; natuurlijk verwerken in relevante inhoud.
US,website redesign company,redesign,https://www.brisk.be/en-us/website-redesign-services,Synoniemen delen één pagina; natuurlijk verwerken in relevante inhoud.
US,website redesign agency,redesign,https://www.brisk.be/en-us/website-redesign-services,Synoniemen delen één pagina; natuurlijk verwerken in relevante inhoud.
US,website revamp,redesign,https://www.brisk.be/en-us/website-redesign-services,Synoniemen delen één pagina; natuurlijk verwerken in relevante inhoud.
US,website refresh,redesign,https://www.brisk.be/en-us/website-redesign-services,Synoniemen delen één pagina; natuurlijk verwerken in relevante inhoud.
US,WordPress web design,platforms,https://www.brisk.be/en-us/wordpress-shopify-or-custom,Platformkeuze en vergelijking; geen onbevestigde platformdienst claimen.
US,WordPress website design,platforms,https://www.brisk.be/en-us/wordpress-shopify-or-custom,Platformkeuze en vergelijking; geen onbevestigde platformdienst claimen.
US,WordPress website development,platforms,https://www.brisk.be/en-us/wordpress-shopify-or-custom,Platformkeuze en vergelijking; geen onbevestigde platformdienst claimen.
US,WordPress development company,platforms,https://www.brisk.be/en-us/wordpress-shopify-or-custom,Platformkeuze en vergelijking; geen onbevestigde platformdienst claimen.
US,WordPress web design company,platforms,https://www.brisk.be/en-us/wordpress-shopify-or-custom,Platformkeuze en vergelijking; geen onbevestigde platformdienst claimen.
US,WordPress agency,platforms,https://www.brisk.be/en-us/wordpress-shopify-or-custom,Platformkeuze en vergelijking; geen onbevestigde platformdienst claimen.
US,Shopify web design,platforms,https://www.brisk.be/en-us/wordpress-shopify-or-custom,Platformkeuze en vergelijking; geen onbevestigde platformdienst claimen.
US,Shopify website design,platforms,https://www.brisk.be/en-us/wordpress-shopify-or-custom,Platformkeuze en vergelijking; geen onbevestigde platformdienst claimen.
US,Shopify development company,platforms,https://www.brisk.be/en-us/wordpress-shopify-or-custom,Platformkeuze en vergelijking; geen onbevestigde platformdienst claimen.
US,Shopify web design agency,platforms,https://www.brisk.be/en-us/wordpress-shopify-or-custom,Platformkeuze en vergelijking; geen onbevestigde platformdienst claimen.
US,Shopify website development,platforms,https://www.brisk.be/en-us/wordpress-shopify-or-custom,Platformkeuze en vergelijking; geen onbevestigde platformdienst claimen.
US,Shopify store design,platforms,https://www.brisk.be/en-us/wordpress-shopify-or-custom,Platformkeuze en vergelijking; geen onbevestigde platformdienst claimen.
US,Shopify store development,platforms,https://www.brisk.be/en-us/wordpress-shopify-or-custom,Platformkeuze en vergelijking; geen onbevestigde platformdienst claimen.
US,WooCommerce development,platforms,https://www.brisk.be/en-us/wordpress-shopify-or-custom,Platformkeuze en vergelijking; geen onbevestigde platformdienst claimen.
US,WooCommerce development company,platforms,https://www.brisk.be/en-us/wordpress-shopify-or-custom,Platformkeuze en vergelijking; geen onbevestigde platformdienst claimen.
US,ecommerce website design,ecommerce,https://www.brisk.be/en-us/ecommerce-website-development,Synoniemen delen één pagina; natuurlijk verwerken in relevante inhoud.
US,ecommerce web design,ecommerce,https://www.brisk.be/en-us/ecommerce-website-development,Synoniemen delen één pagina; natuurlijk verwerken in relevante inhoud.
US,ecommerce website development,ecommerce,https://www.brisk.be/en-us/ecommerce-website-development,Synoniemen delen één pagina; natuurlijk verwerken in relevante inhoud.
US,ecommerce development company,ecommerce,https://www.brisk.be/en-us/ecommerce-website-development,Synoniemen delen één pagina; natuurlijk verwerken in relevante inhoud.
US,ecommerce web design agency,ecommerce,https://www.brisk.be/en-us/ecommerce-website-development,Synoniemen delen één pagina; natuurlijk verwerken in relevante inhoud.
US,ecommerce website design company,ecommerce,https://www.brisk.be/en-us/ecommerce-website-development,Synoniemen delen één pagina; natuurlijk verwerken in relevante inhoud.
US,online store development,ecommerce,https://www.brisk.be/en-us/ecommerce-website-development,Synoniemen delen één pagina; natuurlijk verwerken in relevante inhoud.
US,online store design,ecommerce,https://www.brisk.be/en-us/ecommerce-website-development,Synoniemen delen één pagina; natuurlijk verwerken in relevante inhoud.
US,custom ecommerce development,ecommerce,https://www.brisk.be/en-us/ecommerce-website-development,Synoniemen delen één pagina; natuurlijk verwerken in relevante inhoud.
US,custom ecommerce website design,ecommerce,https://www.brisk.be/en-us/ecommerce-website-development,Synoniemen delen één pagina; natuurlijk verwerken in relevante inhoud.
US,SEO web design,websites,https://www.brisk.be/en-us/custom-website-design,Synoniemen delen één pagina; natuurlijk verwerken in relevante inhoud.
US,SEO website design,websites,https://www.brisk.be/en-us/custom-website-design,Synoniemen delen één pagina; natuurlijk verwerken in relevante inhoud.
US,SEO friendly website design,websites,https://www.brisk.be/en-us/custom-website-design,Synoniemen delen één pagina; natuurlijk verwerken in relevante inhoud.
US,responsive web design,websites,https://www.brisk.be/en-us/custom-website-design,Synoniemen delen één pagina; natuurlijk verwerken in relevante inhoud.
US,mobile friendly website design,websites,https://www.brisk.be/en-us/custom-website-design,Synoniemen delen één pagina; natuurlijk verwerken in relevante inhoud.
US,landing page design,websites,https://www.brisk.be/en-us/custom-website-design,Synoniemen delen één pagina; natuurlijk verwerken in relevante inhoud.
US,landing page development,websites,https://www.brisk.be/en-us/custom-website-design,Synoniemen delen één pagina; natuurlijk verwerken in relevante inhoud.
US,UI UX design agency,home,https://www.brisk.be/en-us,Synoniemen delen één pagina; natuurlijk verwerken in relevante inhoud.
US,web design near me,websites,https://www.brisk.be/en-us/custom-website-design,Geen lokale Amerikaanse aanwezigheid suggereren: Brisk is gevestigd in Genk en werkt op afstand.
US,website designer near me,websites,https://www.brisk.be/en-us/custom-website-design,Geen lokale Amerikaanse aanwezigheid suggereren: Brisk is gevestigd in Genk en werkt op afstand.
US,web development company near me,home,https://www.brisk.be/en-us,Geen lokale Amerikaanse aanwezigheid suggereren: Brisk is gevestigd in Genk en werkt op afstand.
US,website design company near me,home,https://www.brisk.be/en-us,Geen lokale Amerikaanse aanwezigheid suggereren: Brisk is gevestigd in Genk en werkt op afstand.
US,web design agency near me,home,https://www.brisk.be/en-us,Geen lokale Amerikaanse aanwezigheid suggereren: Brisk is gevestigd in Genk en werkt op afstand.
US,website design New York,websites,https://www.brisk.be/en-us/custom-website-design,Landelijke dienstverlening op afstand; geen lokale vestiging of aparte doorway page claimen.
US,web design New York,websites,https://www.brisk.be/en-us/custom-website-design,Landelijke dienstverlening op afstand; geen lokale vestiging of aparte doorway page claimen.
US,website design Los Angeles,websites,https://www.brisk.be/en-us/custom-website-design,Landelijke dienstverlening op afstand; geen lokale vestiging of aparte doorway page claimen.
US,web design Los Angeles,websites,https://www.brisk.be/en-us/custom-website-design,Landelijke dienstverlening op afstand; geen lokale vestiging of aparte doorway page claimen.
US,website design Chicago,websites,https://www.brisk.be/en-us/custom-website-design,Landelijke dienstverlening op afstand; geen lokale vestiging of aparte doorway page claimen.
US,web design Chicago,websites,https://www.brisk.be/en-us/custom-website-design,Landelijke dienstverlening op afstand; geen lokale vestiging of aparte doorway page claimen.
US,website design Miami,websites,https://www.brisk.be/en-us/custom-website-design,Landelijke dienstverlening op afstand; geen lokale vestiging of aparte doorway page claimen.
US,web design Miami,websites,https://www.brisk.be/en-us/custom-website-design,Landelijke dienstverlening op afstand; geen lokale vestiging of aparte doorway page claimen.
US,website design Dallas,websites,https://www.brisk.be/en-us/custom-website-design,Landelijke dienstverlening op afstand; geen lokale vestiging of aparte doorway page claimen.
US,web design Dallas,websites,https://www.brisk.be/en-us/custom-website-design,Landelijke dienstverlening op afstand; geen lokale vestiging of aparte doorway page claimen.
